,,5327,73857,0434,REGION IV-A - CALABARZON,LAGUNA,,PROVINCIAL EVACUATION CENTER,"PAGSAWITAN, STA. CRUZ, LAGUNA (IN FRONT OF LAGUNA MEDICAL CENTER)","Monday, November 06, 2017"
,,5310,73700,043401,REGION IV-A - CALABARZON,LAGUNA,ALAMINOS,ALAMINOS MUNICIPAL EVACUATION CENTER,"ALAMINOS ELEMENTARY SCHOOL, POBLACION III, ALAMINOS LAGUNA","Monday, November 06, 2017"
,,5324,73856,043402,REGION IV-A - CALABARZON,LAGUNA,BAY,Galvez National High School,"Barangay San Antonio, Bay, Laguna","Monday, November 06, 2017"
,,5318,73761,043404,REGION IV-A - CALABARZON,LAGUNA,CABUYAO CITY,Cabuyao Central Elementary School,BARANGAY POBLACION DOS,"Monday, November 06, 2017"
,,5318,73762,043404,REGION IV-A - CALABARZON,LAGUNA,CABUYAO CITY,Sala Elementary School,BARANGAY SALA,"Monday, November 06, 2017"
,,5318,73763,043404,REGION IV-A - CALABARZON,LAGUNA,CABUYAO CITY,Niugan Elementary School,BARANGAY NIUGAN,"Monday, November 06, 2017"
,,5318,73764,043404,REGION IV-A - CALABARZON,LAGUNA,CABUYAO CITY,Pulo Elementary School,BARANGAY PULO,"Monday, November 06, 2017"
,,5318,73765,043404,REGION IV-A - CALABARZON,LAGUNA,CABUYAO CITY,San Isidro Elementary School,BARANGAY SAN ISIDRO,"Monday, November 06, 2017"
,,5318,73766,043404,REGION IV-A - CALABARZON,LAGUNA,CABUYAO CITY,Banlic Elementary School,BARANGAY BANLIC,"Monday, November 06, 2017"
,,5318,73767,043404,REGION IV-A - CALABARZON,LAGUNA,CABUYAO CITY,Mamatid Elementary School,BARANGAY MAMATID,"Monday, November 06, 2017"
,,5318,73768,043404,REGION IV-A - CALABARZON,LAGUNA,CABUYAO CITY,Baclaran Elementary School,BARANGAY BACLARAN,"Monday, November 06, 2017"
,,5318,73769,043404,REGION IV-A - CALABARZON,LAGUNA,CABUYAO CITY,Gulod Elementary School,BARANGAY GULOD,"Monday, November 06, 2017"
,,5318,73770,043404,REGION IV-A - CALABARZON,LAGUNA,CABUYAO CITY,Marinig Elementary School,BARANGAY MARINIG,"Monday, November 06, 2017"
,,5318,73771,043404,REGION IV-A - CALABARZON,LAGUNA,CABUYAO CITY,Butong Elementary School,BARANGAY BUTONG,"Monday, November 06, 2017"
,,5318,73772,043404,REGION IV-A - CALABARZON,LAGUNA,CABUYAO CITY,Bigaa Elementary School,BARANGAY BIGAA,"Monday, November 06, 2017"
,,5318,73773,043404,REGION IV-A - CALABARZON,LAGUNA,CABUYAO CITY,Cabuyao Gymnasium,BARANGAY POBLACION DOS,"Monday, November 06, 2017"
,,5318,73774,043404,REGION IV-A - CALABARZON,LAGUNA,CABUYAO CITY,Mabuhay Subd. Phase 1 Clubhouse,BARANGAY BACLARAN,"Monday, November 06, 2017"
,,5318,73775,043404,REGION IV-A - CALABARZON,LAGUNA,CABUYAO CITY,Southville Elementary School,BARANGAY NIUGAN,"Monday, November 06, 2017"
,,5318,73776,043404,REGION IV-A - CALABARZON,LAGUNA,CABUYAO CITY,Banaybanay Elementary School,BARANGAY BANAYBANAY,"Monday, November 06, 2017"
,,5318,73777,043404,REGION IV-A - CALABARZON,LAGUNA,CABUYAO CITY,Marinig South Elementary School,BARANGAY MARINIG,"Monday, November 06, 2017"
,,5318,73778,043404,REGION IV-A - CALABARZON,LAGUNA,CABUYAO CITY,NHA Covered Court Southville I,BARANGAY MARINIG,"Monday, November 06, 2017"
,,5302,73675,043406,REGION IV-A - CALABARZON,LAGUNA,CALAUAN,Polytechnic University of the Philippines - Calauan Campus,"Barangay Kanluran, Calauan, Laguna","Monday, November 06, 2017"
,,5302,73676,043406,REGION IV-A - CALABARZON,LAGUNA,CALAUAN,Calauan Municipal Covered Court,"Barangay Kanluran, Calauan, Laguna","Monday, November 06, 2017"
,,5302,73677,043406,REGION IV-A - CALABARZON,LAGUNA,CALAUAN,Dayap National High School Annex,"Barangay Kanluran, Calauan, Laguna","Monday, November 06, 2017"
,,5302,73678,043406,REGION IV-A - CALABARZON,LAGUNA,CALAUAN,Calauan Central Elementary School,"Barangay Kanluran, Calauan, Laguna","Monday, November 06, 2017"
,,5296,73660,043408,REGION IV-A - CALABARZON,LAGUNA,FAMY,Calumpang DCC,Calumpang,"Monday, November 06, 2017"
,,5296,73661,043408,REGION IV-A - CALABARZON,LAGUNA,FAMY,ABC Hall,Pag-Asa,"Monday, November 06, 2017"
,,5296,73662,043408,REGION IV-A - CALABARZON,LAGUNA,FAMY,Banaba OpCen,Banaba,"Monday, November 06, 2017"
,,5296,73663,043408,REGION IV-A - CALABARZON,LAGUNA,FAMY,Barangay Hall,Batuhan,"Monday, November 06, 2017"
,,5296,73664,043408,REGION IV-A - CALABARZON,LAGUNA,FAMY,Barangay Hall,Bulihan,"Monday, November 06, 2017"
,,5296,73665,043408,REGION IV-A - CALABARZON,LAGUNA,FAMY,Barangay Hall,Salangbato,"Monday, November 06, 2017"
,,5393,74243,043409,REGION IV-A - CALABARZON,LAGUNA,KALAYAAN,LONGOS EVACUATION CENTER,"2ND FLR. BARANGAY HALL, Barangay LONGOS, KALAYAAN, LAGUNA","Tuesday, November 07, 2017"
,,5393,74244,043409,REGION IV-A - CALABARZON,LAGUNA,KALAYAAN,LAGUMBAY GYMNASIUM,"BARANGAY SANJUAN, KALAYAAN","Tuesday, November 07, 2017"
,,5393,74245,043409,REGION IV-A - CALABARZON,LAGUNA,KALAYAAN,SAN ANTONIO GYMNASIUM,"BARANGAY ANTONIO, KALAYAAN","Tuesday, November 07, 2017"
,,5276,73443,043410,REGION IV-A - CALABARZON,LAGUNA,LILIW,DITA EVACUATION CENTER,"BARANGAY DITA LILIW, LAGUNA","Monday, November 06, 2017"
,,5276,73444,043410,REGION IV-A - CALABARZON,LAGUNA,LILIW,CENTRAL Elementary School,"BARANGAY RIZAL LILIW, LAGUNA","Monday, November 06, 2017"
,,5276,73445,043410,REGION IV-A - CALABARZON,LAGUNA,LILIW,IBABANG TAYKIN Elementary School,"BARANGAY IBABANG TAYKIN, LILIW LAGUNA","Monday, November 06, 2017"
,,5276,73446,043410,REGION IV-A - CALABARZON,LAGUNA,LILIW,MOJON Elementary School,"BARANGAY MOJON, LILIW LAGUNA","Monday, November 06, 2017"
,,5276,73447,043410,REGION IV-A - CALABARZON,LAGUNA,LILIW,FAES Elementary School,"BARANGAY TUY BAANAN, LILIW LAGUN","Monday, November 06, 2017"
,,5276,73448,043410,REGION IV-A - CALABARZON,LAGUNA,LILIW,PAG ASA Elementary School,"BARANGAY ILAYANG PALINA, LILIW LAGUNA","Monday, November 06, 2017"
,,5276,73449,043410,REGION IV-A - CALABARZON,LAGUNA,LILIW,LILIW NATL HIGH SCHOOL,"BARANGAY KANLURANG BUKAL, LILIW LAGUN","Monday, November 06, 2017"
,,5422,74531,043411,REGION IV-A - CALABARZON,LAGUNA,LOS BAÑOS,LALAKAY Elementary School,"Los Baños, Laguna","Tuesday, November 07, 2017"
,,5422,74532,043411,REGION IV-A - CALABARZON,LAGUNA,LOS BAÑOS,BAMBANG Elementary School,"Los Baños, Laguna","Tuesday, November 07, 2017"
,,5422,74533,043411,REGION IV-A - CALABARZON,LAGUNA,LOS BAÑOS,LB CENTRAL Elementary School,"Los Baños, Laguna","Tuesday, November 07, 2017"
,,5422,74534,043411,REGION IV-A - CALABARZON,LAGUNA,LOS BAÑOS,MALINTA Elementary School,"Los Baños, Laguna","Tuesday, November 07, 2017"
,,5422,74535,043411,REGION IV-A - CALABARZON,LAGUNA,LOS BAÑOS,MAYONDON Elementary School,"Los Baños, Laguna","Tuesday, November 07, 2017"
,,5422,74536,043411,REGION IV-A - CALABARZON,LAGUNA,LOS BAÑOS,BAYOG Elementary School,"Los Baños, Laguna","Tuesday, November 07, 2017"
,,5422,74537,043411,REGION IV-A - CALABARZON,LAGUNA,LOS BAÑOS,SAN ANTONIO Elementary School,"Los Baños, Laguna","Tuesday, November 07, 2017"
,,5422,74538,043411,REGION IV-A - CALABARZON,LAGUNA,LOS BAÑOS,PACIANO RIZAL Elementary School,"Los Baños, Laguna","Tuesday, November 07, 2017"
,,5422,74539,043411,REGION IV-A - CALABARZON,LAGUNA,LOS BAÑOS,MAAHAS Elementary School,"Los Baños, Laguna","Tuesday, November 07, 2017"
,,5422,74540,043411,REGION IV-A - CALABARZON,LAGUNA,LOS BAÑOS,BM CALARA National High School,"Los Baños, Laguna","Tuesday, November 07, 2017"
,,5422,74541,043411,REGION IV-A - CALABARZON,LAGUNA,LOS BAÑOS,POBLACION National High School,"Los Baños, Laguna","Tuesday, November 07, 2017"
,,5422,74542,043411,REGION IV-A - CALABARZON,LAGUNA,LOS BAÑOS,TUNTUNGIN PUTHO National High School,"Los Baños, Laguna","Tuesday, November 07, 2017"
,,5422,74543,043411,REGION IV-A - CALABARZON,LAGUNA,LOS BAÑOS,BAGONG SILANG Elementary School,"Los Baños, Laguna","Tuesday, November 07, 2017"
,,5422,74544,043411,REGION IV-A - CALABARZON,LAGUNA,LOS BAÑOS,LB National High School,"Los Baños, Laguna","Tuesday, November 07, 2017"
,,5282,73498,043412,REGION IV-A - CALABARZON,LAGUNA,LUISIANA,DELA PAZ-SAN PABLO ELEMENTARY SCHOOL,BARANGAY DELA PAZ,"Monday, November 06, 2017"
,,5282,73499,043412,REGION IV-A - CALABARZON,LAGUNA,LUISIANA,SAN BUENAVENTRA ELEMENTARY SCHOOL,BARANGAY SAN BUENAVENTURA,"Monday, November 06, 2017"
,,5282,73500,043412,REGION IV-A - CALABARZON,LAGUNA,LUISIANA,SAN BUENAVENTURA NATIONAL HIGH SCHOOL,BARANGAY ZONE V,"Monday, November 06, 2017"
,,5282,73501,043412,REGION IV-A - CALABARZON,LAGUNA,LUISIANA,LUISIANA CENTRAL ELEMENTARY SCHOOL,BARANGAY ZONE IV,"Monday, November 06, 2017"
,,5282,73502,043412,REGION IV-A - CALABARZON,LAGUNA,LUISIANA,SAN RAFAEL ELEMENTARY SCHOOL,BARANGAY SAN RAFAEL,"Monday, November 06, 2017"
,,5282,73503,043412,REGION IV-A - CALABARZON,LAGUNA,LUISIANA,AN ISIDRO ELEMENTARY SCHOOL,BARANGAY SAN ISIDRO,"Monday, November 06, 2017"
,,5282,73504,043412,REGION IV-A - CALABARZON,LAGUNA,LUISIANA,BONIFACIO ELEMENTARY SCHOOL,BARANGAY ZONE I,"Monday, November 06, 2017"
,,5282,73505,043412,REGION IV-A - CALABARZON,LAGUNA,LUISIANA,SAN ANTONIO ELEMENTARY SCHOOL,BARANGAY SAN ANTONIO,"Monday, November 06, 2017"
,,5282,73506,043412,REGION IV-A - CALABARZON,LAGUNA,LUISIANA,BARANGAY MULTI-PURPOSE HALL,BARANGAY DELA PAZ,"Monday, November 06, 2017"
,,5282,73507,043412,REGION IV-A - CALABARZON,LAGUNA,LUISIANA,BARANGAY MULTI-PURPOSE HALL,BARANGAY SAN ANTONIO,"Monday, November 06, 2017"
,,5282,73508,043412,REGION IV-A - CALABARZON,LAGUNA,LUISIANA,BARANGAY MULTI-PURPOSE HALL,BARANGAY SAN BUENAVENTURA,"Monday, November 06, 2017"
,,5282,73509,043412,REGION IV-A - CALABARZON,LAGUNA,LUISIANA,BARANGAY MULTI-PURPOSE HALL,BARANGAY SAN DIEGO,"Monday, November 06, 2017"
,,5282,73510,043412,REGION IV-A - CALABARZON,LAGUNA,LUISIANA,BARANGAY MULTI-PURPOSE HALL,BARANGAY SAN ISIDRO,"Monday, November 06, 2017"
,,5282,73511,043412,REGION IV-A - CALABARZON,LAGUNA,LUISIANA,BARANGAY MULTI-PURPOSE HALL,BARANGAY SAN JOSE,"Monday, November 06, 2017"
,,5282,73512,043412,REGION IV-A - CALABARZON,LAGUNA,LUISIANA,BARANGAY MULTI-PURPOSE HALL,BARANGAY SAN JUAN,"Monday, November 06, 2017"
,,5282,73513,043412,REGION IV-A - CALABARZON,LAGUNA,LUISIANA,BARANGAY MULTI-PURPOSE HALL,BARANGAY SAN LUIS,"Monday, November 06, 2017"
,,5282,73514,043412,REGION IV-A - CALABARZON,LAGUNA,LUISIANA,BARANGAY MULTI-PURPOSE HALL,BARANGAY SAN PABLO,"Monday, November 06, 2017"
,,5282,73515,043412,REGION IV-A - CALABARZON,LAGUNA,LUISIANA,BARANGAY MULTI-PURPOSE HALL,BARANGAY SAN PEDRO,"Monday, November 06, 2017"
,,5282,73516,043412,REGION IV-A - CALABARZON,LAGUNA,LUISIANA,BARANGAY MULTI-PURPOSE HALL,BARANGAY SAN RAFAEL,"Monday, November 06, 2017"
,,5282,73517,043412,REGION IV-A - CALABARZON,LAGUNA,LUISIANA,BARANGAY MULTI-PURPOSE HALL,BARANGAY SAN ROQUE,"Monday, November 06, 2017"
,,5282,73518,043412,REGION IV-A - CALABARZON,LAGUNA,LUISIANA,BARANGAY MULTI-PURPOSE HALL,BARANGAY STO. DOMINGO,"Monday, November 06, 2017"
,,5282,73519,043412,REGION IV-A - CALABARZON,LAGUNA,LUISIANA,BARANGAY MULTI-PURPOSE HALL,BARANGAY STO. TOMAS,"Monday, November 06, 2017"
,,5282,73520,043412,REGION IV-A - CALABARZON,LAGUNA,LUISIANA,BARANGAY MULTI-PURPOSE HALL,BARANGAY ZONE I,"Monday, November 06, 2017"
,,5282,73521,043412,REGION IV-A - CALABARZON,LAGUNA,LUISIANA,BARANGAY MULTI-PURPOSE HALL,BARANGAY ZONE II,"Monday, November 06, 2017"
,,5282,73522,043412,REGION IV-A - CALABARZON,LAGUNA,LUISIANA,BARANGAY MULTI-PURPOSE HALL,BARANGAY ZONE III,"Monday, November 06, 2017"
,,5282,73523,043412,REGION IV-A - CALABARZON,LAGUNA,LUISIANA,BARANGAY MULTI-PURPOSE HALL,BARANGAY ZONE IV,"Monday, November 06, 2017"
,,5282,73524,043412,REGION IV-A - CALABARZON,LAGUNA,LUISIANA,BARANGAY MULTI-PURPOSE HALL,BARANGAY ZONE V,"Monday, November 06, 2017"
,,5282,73525,043412,REGION IV-A - CALABARZON,LAGUNA,LUISIANA,BARANGAY MULTI-PURPOSE HALL,BARANGAY ZONE VI,"Monday, November 06, 2017"
,,5282,73526,043412,REGION IV-A - CALABARZON,LAGUNA,LUISIANA,BARANGAY MULTI-PURPOSE HALL,BARANGAY ZONE VII,"Monday, November 06, 2017"
,,5282,73527,043412,REGION IV-A - CALABARZON,LAGUNA,LUISIANA,BARANGAY MULTI-PURPOSE HALL,BARANGAY ZONE VIII,"Monday, November 06, 2017"
,,5282,73528,043412,REGION IV-A - CALABARZON,LAGUNA,LUISIANA,BARANGAY COVERED COURT,BARANGAY SAN BUENAVENTURA,"Monday, November 06, 2017"
,,5282,73529,043412,REGION IV-A - CALABARZON,LAGUNA,LUISIANA,BARANGAY COVERED COURT,BARANGAY DELA PAZ,"Monday, November 06, 2017"
,,5282,73530,043412,REGION IV-A - CALABARZON,LAGUNA,LUISIANA,BARANGAY MINI-MULTI-PURPOSE SHED,BARANGAY SAN RAFAEL,"Monday, November 06, 2017"
,,5268,73361,043414,REGION IV-A - CALABARZON,LAGUNA,MABITAC,MABITAC EVACUATION CENTER,"Barangay LIBIS NG NAYON, MABITAC, LAGUNA","Monday, November 06, 2017"
,,5268,73362,043414,REGION IV-A - CALABARZON,LAGUNA,MABITAC,MABITAC NATIONAL HIGH SCHOOL,"Barangay LIBIS NG NAYON, MABITAC, LAGUNA","Monday, November 06, 2017"
,,5268,73363,043414,REGION IV-A - CALABARZON,LAGUNA,MABITAC,MABITAC CENTRAL Elementary School,"POBLETE ST. Barangay MALIGAYA, MABITAC, LAGUNA","Monday, November 06, 2017"
,,5268,73364,043414,REGION IV-A - CALABARZON,LAGUNA,MABITAC,EGOR Elementary School,"Barangay SAN ANTONIO, MABITAC, LAGUNA","Monday, November 06, 2017"
,,5268,73365,043414,REGION IV-A - CALABARZON,LAGUNA,MABITAC,PAAGAHAN MULTI-PURPOSE HALL,"Barangay PAAGAHAN, MABITAC, LAGUNA","Monday, November 06, 2017"
,,5268,73366,043414,REGION IV-A - CALABARZON,LAGUNA,MABITAC,MATALATALA NATIONAL HIGH SCHOOL,"Barangay MATALATALA MABITAC, LAGUNA","Monday, November 06, 2017"
,,5268,73367,043414,REGION IV-A - CALABARZON,LAGUNA,MABITAC,NUMERO Elementary School,"Barangay NUMERO, MABITAC, LAGUNA","Monday, November 06, 2017"
,,5268,73368,043414,REGION IV-A - CALABARZON,LAGUNA,MABITAC,MATALATALA ARB'S WAREHOUSE,"Barangay MATALATALA MABITAC, LAGUNA","Monday, November 06, 2017"
,,5268,73369,043414,REGION IV-A - CALABARZON,LAGUNA,MABITAC,PAAGAHAN COVERED COURT,"Barangay PAAGAHAN, MABITAC, LAGUNA","Monday, November 06, 2017"
,,5268,73370,043414,REGION IV-A - CALABARZON,LAGUNA,MABITAC,PAAGAHAN NAT'L High School SAN MIGUEL EXTENSION,"Barangay SAN MIGUEL, MABITAC, LAGUNA","Monday, November 06, 2017"
,,5268,73371,043414,REGION IV-A - CALABARZON,LAGUNA,MABITAC,E.W. DE VELA Elementary School,"Barangay AMUYONG, MABITAC, LAGUNA","Monday, November 06, 2017"
,,5268,73372,043414,REGION IV-A - CALABARZON,LAGUNA,MABITAC,LAMBAC Barangay HALL ,"Barangay LAMBAC, MABITAC, LAGUNA","Monday, November 06, 2017"
,,5268,73373,043414,REGION IV-A - CALABARZON,LAGUNA,MABITAC,NANGUMA Barangay HALL,"Barangay NANGUMA, MABITAC, LAGUNA","Monday, November 06, 2017"
,,5268,73374,043414,REGION IV-A - CALABARZON,LAGUNA,MABITAC,NIA BUILDING,"Barangay NANGUMA, MABITAC, LAGUNA","Monday, November 06, 2017"
,,5538,76520,043415,REGION IV-A - CALABARZON,LAGUNA,MAGDALENA,People's Center,"Jacinto Street, Poblacion , Magdalena","Friday, November 10, 2017"
,,5538,76521,043415,REGION IV-A - CALABARZON,LAGUNA,MAGDALENA,Chapel,Alipit,"Friday, November 10, 2017"
,,5538,76522,043415,REGION IV-A - CALABARZON,LAGUNA,MAGDALENA,Barangay Hall,Baanan,"Friday, November 10, 2017"
,,5538,76523,043415,REGION IV-A - CALABARZON,LAGUNA,MAGDALENA,Balanac Elementary School,Balanac,"Friday, November 10, 2017"
,,5538,76524,043415,REGION IV-A - CALABARZON,LAGUNA,MAGDALENA,Barangay Evac. Center, Bucal,"Friday, November 10, 2017"
,,5538,76525,043415,REGION IV-A - CALABARZON,LAGUNA,MAGDALENA,Buenavista -Cigaras Elementary School,Buenavista,"Friday, November 10, 2017"
,,5538,76526,043415,REGION IV-A - CALABARZON,LAGUNA,MAGDALENA,Bungkol Elementary School,Bungkol,"Friday, November 10, 2017"
,,5538,76527,043415,REGION IV-A - CALABARZON,LAGUNA,MAGDALENA,Hall,Buo,"Friday, November 10, 2017"
,,5538,76528,043415,REGION IV-A - CALABARZON,LAGUNA,MAGDALENA,Hall,Burlungan,"Friday, November 10, 2017"
,,5538,76529,043415,REGION IV-A - CALABARZON,LAGUNA,MAGDALENA,Evac. Center,Cigaras,"Friday, November 10, 2017"
,,5538,76530,043415,REGION IV-A - CALABARZON,LAGUNA,MAGDALENA,Hall,Halayhayin,"Friday, November 10, 2017"
,,5538,76531,043415,REGION IV-A - CALABARZON,LAGUNA,MAGDALENA,chapel / hall,Ibabang Atingay,"Friday, November 10, 2017"
,,5538,76532,043415,REGION IV-A - CALABARZON,LAGUNA,MAGDALENA,Multi-Purpose,Ibabang Butnong,"Friday, November 10, 2017"
,,5538,76533,043415,REGION IV-A - CALABARZON,LAGUNA,MAGDALENA,Hall,Ilayang Atingay,"Friday, November 10, 2017"
,,5538,76534,043415,REGION IV-A - CALABARZON,LAGUNA,MAGDALENA,RPES,Ilayang Butnong,"Friday, November 10, 2017"
,,5538,76535,043415,REGION IV-A - CALABARZON,LAGUNA,MAGDALENA,Hall,Ilog,"Friday, November 10, 2017"
,,5538,76536,043415,REGION IV-A - CALABARZON,LAGUNA,MAGDALENA,Hall /  MNHS,Malaking Ambling,"Friday, November 10, 2017"
,,5538,76537,043415,REGION IV-A - CALABARZON,LAGUNA,MAGDALENA,Hall /  MES,Malinao,"Friday, November 10, 2017"
,,5538,76538,043415,REGION IV-A - CALABARZON,LAGUNA,MAGDALENA,Basketball Court / MES,Maravilla,"Friday, November 10, 2017"
,,5538,76539,043415,REGION IV-A - CALABARZON,LAGUNA,MAGDALENA,Evac. Center,Munting Ambling,"Friday, November 10, 2017"
,,5538,76540,043415,REGION IV-A - CALABARZON,LAGUNA,MAGDALENA,Hall /  Chapel,Sabang,"Friday, November 10, 2017"
,,5538,76541,043415,REGION IV-A - CALABARZON,LAGUNA,MAGDALENA,Hall /  RPES,Salasad,"Friday, November 10, 2017"
,,5538,76542,043415,REGION IV-A - CALABARZON,LAGUNA,MAGDALENA,Hall,Tanawan,"Friday, November 10, 2017"
,,5538,76543,043415,REGION IV-A - CALABARZON,LAGUNA,MAGDALENA,ALMES,Tipunan,"Friday, November 10, 2017"
,,5706,79127,043416,REGION IV-A - CALABARZON,LAGUNA,MAJAYJAY,Amonoy Barangay Hall,Barangay Amonoy,"Monday, January 15, 2018"
,,5706,79128,043416,REGION IV-A - CALABARZON,LAGUNA,MAJAYJAY,Sta. Catalina National High School Ext.,Barangay Bakia,"Monday, January 15, 2018"
,,5706,79129,043416,REGION IV-A - CALABARZON,LAGUNA,MAJAYJAY,Bakia Barangay Hall,Barangay Bakia,"Monday, January 15, 2018"
,,5706,79130,043416,REGION IV-A - CALABARZON,LAGUNA,MAJAYJAY,Barangay Bakia Cahpel,Barangay Bakia,"Monday, January 15, 2018"
,,5706,79131,043416,REGION IV-A - CALABARZON,LAGUNA,MAJAYJAY,Barangay Bakia Basketball Court,Barangay Bakia,"Monday, January 15, 2018"
,,5706,79132,043416,REGION IV-A - CALABARZON,LAGUNA,MAJAYJAY,Balanak Barangay Hall,Barangay Balanak,"Monday, January 15, 2018"
,,5706,79133,043416,REGION IV-A - CALABARZON,LAGUNA,MAJAYJAY,Balayong Barangay Hall,Barangay Balayong,"Monday, January 15, 2018"
,,5706,79134,043416,REGION IV-A - CALABARZON,LAGUNA,MAJAYJAY,Banilad Barangay Hall,Barangay Banilad,"Monday, January 15, 2018"
,,5706,79135,043416,REGION IV-A - CALABARZON,LAGUNA,MAJAYJAY,Banti Barangay Hall,Barangay Banti,"Monday, January 15, 2018"
,,5706,79136,043416,REGION IV-A - CALABARZON,LAGUNA,MAJAYJAY,Bitaoy Barangay Hall,Barangay Bitaoy,"Monday, January 15, 2018"
,,5706,79137,043416,REGION IV-A - CALABARZON,LAGUNA,MAJAYJAY,Botocan Barangay Hall,Barangay Botocan,"Monday, January 15, 2018"
,,5706,79138,043416,REGION IV-A - CALABARZON,LAGUNA,MAJAYJAY,Botocan Chapel,Botocan Bot,"Monday, January 15, 2018"
,,5706,79139,043416,REGION IV-A - CALABARZON,LAGUNA,MAJAYJAY,Bukal Barangay Hall,Barangay Bukal,"Monday, January 15, 2018"
,,5706,79140,043416,REGION IV-A - CALABARZON,LAGUNA,MAJAYJAY,Burgos Barangay Hall,Barangay Burgos,"Monday, January 15, 2018"
,,5706,79141,043416,REGION IV-A - CALABARZON,LAGUNA,MAJAYJAY,Burol Barangay Hall,Barangay Burol,"Monday, January 15, 2018"
,,5706,79142,043416,REGION IV-A - CALABARZON,LAGUNA,MAJAYJAY,Coralao Barangay Hall,Barangay Coralao,"Monday, January 15, 2018"
,,5706,79143,043416,REGION IV-A - CALABARZON,LAGUNA,MAJAYJAY,Gagalot Barangay Hall,Barangay Gagalot,"Monday, January 15, 2018"
,,5706,79144,043416,REGION IV-A - CALABARZON,LAGUNA,MAJAYJAY,Gagalot Chapel,Barangay Gagalot,"Monday, January 15, 2018"
,,5706,79145,043416,REGION IV-A - CALABARZON,LAGUNA,MAJAYJAY,Iba. Banga Barangay Hall,Barangay Iba. Banga,"Monday, January 15, 2018"
,,5706,79146,043416,REGION IV-A - CALABARZON,LAGUNA,MAJAYJAY,Iba. Bayucain Barangay Hall,Barangay Iba. Bayucain,"Monday, January 15, 2018"
,,5706,79147,043416,REGION IV-A - CALABARZON,LAGUNA,MAJAYJAY,Iba. Bayucain Chapel,Barangay Iba. Bayucain,"Monday, January 15, 2018"
,,5706,79148,043416,REGION IV-A - CALABARZON,LAGUNA,MAJAYJAY,Ila. Banga Barangay Hall,Barangay Ila. Banga,"Monday, January 15, 2018"
,,5706,79149,043416,REGION IV-A - CALABARZON,LAGUNA,MAJAYJAY,Ila. Bayucain Barangay Hall,Barangay Ila. Bayucain,"Monday, January 15, 2018"
,,5706,79150,043416,REGION IV-A - CALABARZON,LAGUNA,MAJAYJAY,Isabang Barangay Hall,Barangay Isabang,"Monday, January 15, 2018"
,,5706,79151,043416,REGION IV-A - CALABARZON,LAGUNA,MAJAYJAY,Malinao Barangay Hall,Barangay Malinao,"Monday, January 15, 2018"
,,5706,79152,043416,REGION IV-A - CALABARZON,LAGUNA,MAJAYJAY,Malinao Chapel,Barangay Malinao,"Monday, January 15, 2018"
,,5706,79153,043416,REGION IV-A - CALABARZON,LAGUNA,MAJAYJAY,May-it Barangay Hall,Barangay May-it,"Monday, January 15, 2018"
,,5706,79154,043416,REGION IV-A - CALABARZON,LAGUNA,MAJAYJAY,May-it basketball Court,Barangay May-it,"Monday, January 15, 2018"
,,5706,79155,043416,REGION IV-A - CALABARZON,LAGUNA,MAJAYJAY,May-it Chapel,Barangay May-it,"Monday, January 15, 2018"
,,5706,79156,043416,REGION IV-A - CALABARZON,LAGUNA,MAJAYJAY,Munting Kawayan Elementary School,Barangay Munting Kawayan,"Monday, January 15, 2018"
,,5706,79157,043416,REGION IV-A - CALABARZON,LAGUNA,MAJAYJAY,Munting Kawayan Barangay Hall,Barangay Munting Kawayan,"Monday, January 15, 2018"
,,5706,79158,043416,REGION IV-A - CALABARZON,LAGUNA,MAJAYJAY,Munting Kawayan Chapel,Barangay Munting Kawayan,"Monday, January 15, 2018"
,,5706,79159,043416,REGION IV-A - CALABARZON,LAGUNA,MAJAYJAY,Olla Barangay Hall,Barangay Olla,"Monday, January 15, 2018"
,,5706,79160,043416,REGION IV-A - CALABARZON,LAGUNA,MAJAYJAY,Olla Chapel,Barangay Olla ,"Monday, January 15, 2018"
,,5706,79161,043416,REGION IV-A - CALABARZON,LAGUNA,MAJAYJAY,Oobi Barangay Hall,Barangay Oobi,"Monday, January 15, 2018"
,,5706,79162,043416,REGION IV-A - CALABARZON,LAGUNA,MAJAYJAY,Oobi Chapel,Barangay Oobi ,"Monday, January 15, 2018"
,,5706,79163,043416,REGION IV-A - CALABARZON,LAGUNA,MAJAYJAY,Origuel Barangay Hall,Barangay Origuel,"Monday, January 15, 2018"
,,5706,79164,043416,REGION IV-A - CALABARZON,LAGUNA,MAJAYJAY,Pangil Barangay Hall,Barangay Pangil,"Monday, January 15, 2018"
,,5706,79165,043416,REGION IV-A - CALABARZON,LAGUNA,MAJAYJAY,Pangil Chapel,Barangay Pangil,"Monday, January 15, 2018"
,,5706,79166,043416,REGION IV-A - CALABARZON,LAGUNA,MAJAYJAY,Panglan Barangay Hall,Barangay Panglan,"Monday, January 15, 2018"
,,5706,79167,043416,REGION IV-A - CALABARZON,LAGUNA,MAJAYJAY,Panglan Chapel,Barangay Panglan,"Monday, January 15, 2018"
,,5706,79168,043416,REGION IV-A - CALABARZON,LAGUNA,MAJAYJAY,Piit Barangay Hall,Barangay Piit,"Monday, January 15, 2018"
,,5706,79169,043416,REGION IV-A - CALABARZON,LAGUNA,MAJAYJAY,Piit Chapel,Barangay Piit ,"Monday, January 15, 2018"
,,5706,79170,043416,REGION IV-A - CALABARZON,LAGUNA,MAJAYJAY,Pook Barangay Hall,Barangay Pook,"Monday, January 15, 2018"
,,5706,79171,043416,REGION IV-A - CALABARZON,LAGUNA,MAJAYJAY,Rizal Barangay Hall,Barangay Rizal,"Monday, January 15, 2018"
,,5706,79172,043416,REGION IV-A - CALABARZON,LAGUNA,MAJAYJAY,Rizal Chapel,Barangay Rizal,"Monday, January 15, 2018"
,,5706,79173,043416,REGION IV-A - CALABARZON,LAGUNA,MAJAYJAY,San Francisco Barangay Hall,Barangay San Francisco,"Monday, January 15, 2018"
,,5706,79174,043416,REGION IV-A - CALABARZON,LAGUNA,MAJAYJAY,San Isidro Barangay Hall,Barangay San Isidro,"Monday, January 15, 2018"
,,5706,79175,043416,REGION IV-A - CALABARZON,LAGUNA,MAJAYJAY,San Isidro Chapel,Barangay Isidro San,"Monday, January 15, 2018"
,,5706,79176,043416,REGION IV-A - CALABARZON,LAGUNA,MAJAYJAY,Majayjay Elementary School,Barangay San Miguel,"Monday, January 15, 2018"
,,5706,79177,043416,REGION IV-A - CALABARZON,LAGUNA,MAJAYJAY,San Miguel Barangay Hall,Barangay San Miguel,"Monday, January 15, 2018"
,,5706,79178,043416,REGION IV-A - CALABARZON,LAGUNA,MAJAYJAY,San Roque Barangay Hall,Barangay San Roque,"Monday, January 15, 2018"
,,5706,79179,043416,REGION IV-A - CALABARZON,LAGUNA,MAJAYJAY,San RoqueChapel,Barangay San Roque,"Monday, January 15, 2018"
,,5706,79180,043416,REGION IV-A - CALABARZON,LAGUNA,MAJAYJAY,Sta. Catalina Elementary School,Barangay Sta. Catalina,"Monday, January 15, 2018"
,,5706,79181,043416,REGION IV-A - CALABARZON,LAGUNA,MAJAYJAY,Gat Yantok Covered Court,Barangay Sta Catalina,"Monday, January 15, 2018"
,,5706,79182,043416,REGION IV-A - CALABARZON,LAGUNA,MAJAYJAY,Sta. Catalina Barangay Hall,Barangay Sta. Catalina,"Monday, January 15, 2018"
,,5706,79183,043416,REGION IV-A - CALABARZON,LAGUNA,MAJAYJAY,Suba Elementary,Barangay Suba,"Monday, January 15, 2018"
,,5706,79184,043416,REGION IV-A - CALABARZON,LAGUNA,MAJAYJAY,Suba Barangay Hall,Barangay Suba,"Monday, January 15, 2018"
,,5706,79185,043416,REGION IV-A - CALABARZON,LAGUNA,MAJAYJAY,Suba Basketball Court,Barangay Suba,"Monday, January 15, 2018"
,,5706,79186,043416,REGION IV-A - CALABARZON,LAGUNA,MAJAYJAY,Suba Catholic Church,Barangay Suba,"Monday, January 15, 2018"
,,5706,79187,043416,REGION IV-A - CALABARZON,LAGUNA,MAJAYJAY,Talortor Barangay Hall,Barangay Talortor,"Monday, January 15, 2018"
,,5706,79188,043416,REGION IV-A - CALABARZON,LAGUNA,MAJAYJAY,Talortor Basketball Court,Barangay Talortor,"Monday, January 15, 2018"
,,5706,79189,043416,REGION IV-A - CALABARZON,LAGUNA,MAJAYJAY,Tanawan Barangay Hall,Barangay Tanawan,"Monday, January 15, 2018"
,,5706,79190,043416,REGION IV-A - CALABARZON,LAGUNA,MAJAYJAY,Tanawan Chapel,Barangay Tanawan,"Monday, January 15, 2018"
,,5706,79191,043416,REGION IV-A - CALABARZON,LAGUNA,MAJAYJAY,Taytay Barangay Hall,Barangay Taytay,"Monday, January 15, 2018"
,,5706,79192,043416,REGION IV-A - CALABARZON,LAGUNA,MAJAYJAY,Taytay Chapel,Barangay Taytay,"Monday, January 15, 2018"
,,5706,79193,043416,REGION IV-A - CALABARZON,LAGUNA,MAJAYJAY,Villa Nogales Barangay Hall,Barangay Villa Nogales,"Monday, January 15, 2018"
,,5706,79194,043416,REGION IV-A - CALABARZON,LAGUNA,MAJAYJAY,Botocan-Bakia Elementary School,Barangay Bakia,"Monday, January 15, 2018"
,,5706,79195,043416,REGION IV-A - CALABARZON,LAGUNA,MAJAYJAY,Sta. Catalina National High School,Barangay San Miguel,"Monday, January 15, 2018"
,,5285,73569,043417,REGION IV-A - CALABARZON,LAGUNA,NAGCARLAN,Nagcarlan Evacuation Center,,"Monday, November 06, 2017"
,,5271,73376,043418,REGION IV-A - CALABARZON,LAGUNA,PAETE,AGARAO COVERED COURT,Barangay 4 QUINALE,"Monday, November 06, 2017"
,,5287,73571,043419,REGION IV-A - CALABARZON,LAGUNA,PAGSANJAN,"Liwasang Don Manuel L. Soriano, Basement 1","Liwasang Don Manuel L. Soriano, Basement 1","Monday, November 06, 2017"
,,5306,73687,043420,REGION IV-A - CALABARZON,LAGUNA,PAKIL,1. Pakil Central Elementary School,"Barangay Burgos                        GPS-14°22'47.65""N 121°28'40.13""E; Elevation 7 m","Monday, November 06, 2017"
,,5306,73688,043420,REGION IV-A - CALABARZON,LAGUNA,PAKIL,2. C.C. Dalena Elementary School,"Barangay Gonzales                    GPS-14°23'04.80""N 121°28'36.78""E; Elevation 10 m                              ","Monday, November 06, 2017"
,,5306,73689,043420,REGION IV-A - CALABARZON,LAGUNA,PAKIL,3. Bulwagang Ignacio M. Martinez,"Barangay Taft                           GPS 14°22'49.88""N 121°28'43.52""E Elevation 11 m","Monday, November 06, 2017"
,,5306,73690,043420,REGION IV-A - CALABARZON,LAGUNA,PAKIL,4. Banilan Evacuation Facility (Banilan Plaza),"Barangay Banilan (Proper)         GPS 14°22'37.63""N 121°24'27.58""E Elevation 5 m","Monday, November 06, 2017"
,,5306,73691,043420,REGION IV-A - CALABARZON,LAGUNA,PAKIL,5. Banilan Elementary School So. Balite,"Barangay Banilan (So. Balite)     GPS 14°22'53.32""N 121°24' 03.31""E Elevation 36 m","Monday, November 06, 2017"
,,5306,73692,043420,REGION IV-A - CALABARZON,LAGUNA,PAKIL,6. Kabulusan Elementary School,"Barangay Kabulusan                  GPS 14°22'05.69""N 121°24'01.77""E Elevation 14 m","Monday, November 06, 2017"
,,5306,73693,043420,REGION IV-A - CALABARZON,LAGUNA,PAKIL,7. Kabulusan Covered Court,"Barangay Kabulusan                  GPS 14°22' 05.13""N 121°24'08.23""E Elevation 9 m","Monday, November 06, 2017"
,,5306,73694,043420,REGION IV-A - CALABARZON,LAGUNA,PAKIL,8. Casa Real Elementary School,"Barangay Casa Real                  GPS 14°21'16.45""N 121°23'48.1 ""E Elevation 7 m","Monday, November 06, 2017"
,,5306,73695,043420,REGION IV-A - CALABARZON,LAGUNA,PAKIL,9. Casa Real Covered Court,"Barangay Casa Real                  GPS 14°21'16.45""N 121°23'48.1 ""E Elevation 7 m","Monday, November 06, 2017"
,,5306,73696,043420,REGION IV-A - CALABARZON,LAGUNA,PAKIL,10. Matikiw Elementary School,"Barangay Matikiw                      GPS 14°21'07.59""N 121°23'21.35""E Elevation 12 m","Monday, November 06, 2017"
,,5306,73697,043420,REGION IV-A - CALABARZON,LAGUNA,PAKIL,11. Casinsin Elementary School,"Barangay Casinsin                    GPS 14°20'42.68""N 121°23'15.37""E Elevation 10 m","Monday, November 06, 2017"
,,5306,73698,043420,REGION IV-A - CALABARZON,LAGUNA,PAKIL,12. Casinsin Elementary School So. Maulawin,"Barangay Casinsin (So. Maulawin) GPS 14°21'14.80""N 121°22'34.28 ""E Elevation 33 m","Monday, November 06, 2017"
,,5328,73858,043421,REGION IV-A - CALABARZON,LAGUNA,PANGIL,PANGIL ELEMENTARY SCHOOL (GABALDON),"Barangay ISLA PANGIL, LAGUNA","Monday, November 06, 2017"
,,5328,73859,043421,REGION IV-A - CALABARZON,LAGUNA,PANGIL,ISLA DAY CARE CENTER,"Barangay ISLA PANGIL, LAGUNA","Monday, November 06, 2017"
,,5328,73860,043421,REGION IV-A - CALABARZON,LAGUNA,PANGIL,MUNICIPAL PUBLIC MARKET,"Barangay NATIVIDAD PANGIL, LAGUNA","Monday, November 06, 2017"
,,5328,73861,043421,REGION IV-A - CALABARZON,LAGUNA,PANGIL,NATIVIDAD DAY CARE CENTER (POBLACION),"SITIO IBABA, Barangay NATIVIDAD PANGIL, LAGUNA","Monday, November 06, 2017"
,,5328,73862,043421,REGION IV-A - CALABARZON,LAGUNA,PANGIL,TOURIST POLICE STATION,"SITIO PIIT Barangay NATIVIDAD PANGIL, LAGUNA","Monday, November 06, 2017"
,,5328,73863,043421,REGION IV-A - CALABARZON,LAGUNA,PANGIL,BARANGAY HEALTH CENTER,"SITIO PIIT Barangay NATIVIDAD PANGIL, LAGUNA","Monday, November 06, 2017"
,,5328,73864,043421,REGION IV-A - CALABARZON,LAGUNA,PANGIL,NATIVIDAD DAY CARE CENTER (EXTENSION),"SITIO PIIT Barangay NATIVIDAD PANGIL, LAGUNA","Monday, November 06, 2017"
,,5328,73865,043421,REGION IV-A - CALABARZON,LAGUNA,PANGIL,BARANGAY MULTI-PURPOSE HALL,"NATIVIDAD EXTENSION PANGIL, LAGUNA","Monday, November 06, 2017"
,,5328,73866,043421,REGION IV-A - CALABARZON,LAGUNA,PANGIL,CATHOLIC CHURCH,"Barangay GALALAN PANGIL, LAGUNA","Monday, November 06, 2017"
,,5328,73867,043421,REGION IV-A - CALABARZON,LAGUNA,PANGIL,BARANGAY HEALTH CENTER,"Barangay GALALAN PANGIL, LAGUNA","Monday, November 06, 2017"
,,5328,73868,043421,REGION IV-A - CALABARZON,LAGUNA,PANGIL,GALALAN DAY CARE CENTER,"Barangay GALALAN PANGIL, LAGUNA","Monday, November 06, 2017"
,,5328,73869,043421,REGION IV-A - CALABARZON,LAGUNA,PANGIL,VICTOR O. DE GUIA MEMORIAL ELEMENTARY SCHOOL,"Barangay BALIAN PANGIL, LAGUNA","Monday, November 06, 2017"
,,5328,73870,043421,REGION IV-A - CALABARZON,LAGUNA,PANGIL,BALIAN MULTI-PURPOSE HALL,"Barangay BALIAN PANGIL, LAGUNA","Monday, November 06, 2017"
,,5328,73871,043421,REGION IV-A - CALABARZON,LAGUNA,PANGIL,BARANGAY MULTI-PURPOSE HALL,"Barangay SULIB PANGIL, LAGUNA","Monday, November 06, 2017"
,,5328,73872,043421,REGION IV-A - CALABARZON,LAGUNA,PANGIL,BARANGAY MULTI-PURPOSE HALL,"SITIO IBABA Barangay SAN JOSE PANGIL, LAGUNA","Monday, November 06, 2017"
,,5328,73873,043421,REGION IV-A - CALABARZON,LAGUNA,PANGIL,SAN JOSE DAY CARE CENTER,"SITIO IBABA Barangay SAN JOSE PANGIL, LAGUNA","Monday, November 06, 2017"
,,5328,73874,043421,REGION IV-A - CALABARZON,LAGUNA,PANGIL,SULIB ELEMENTARY SCHOOL,"Barangay SULIB PANGIL, LAGUNA","Monday, November 06, 2017"
,,5328,73875,043421,REGION IV-A - CALABARZON,LAGUNA,PANGIL,IGLESIA NI CRISTO,"HIWAY Barangay SULIB PANGIL, LAGUNA","Monday, November 06, 2017"
,,5328,73876,043421,REGION IV-A - CALABARZON,LAGUNA,PANGIL,DAMBO ELEMENTARY SCHOOL,"Barangay DAMBO PANGIL, LAGUNA","Monday, November 06, 2017"
,,5328,73877,043421,REGION IV-A - CALABARZON,LAGUNA,PANGIL,DAMBO DAY CARE CENTER,"Barangay DAMBO PANGIL, LAGUNA","Monday, November 06, 2017"
,,5328,73878,043421,REGION IV-A - CALABARZON,LAGUNA,PANGIL,JOSE FERNANDO Y ZORILLA MEMORIAL ELEMENTARY SCHOOL,"Barangay MABATO-ASUFRE PANGIL, LAGUNA","Monday, November 06, 2017"
,,5328,73879,043421,REGION IV-A - CALABARZON,LAGUNA,PANGIL,BARANGAY MULTI-PURPOSE HALL,"Barangay MABATO-ASUFRE PANGIL, LAGUNA","Monday, November 06, 2017"
,,5328,73880,043421,REGION IV-A - CALABARZON,LAGUNA,PANGIL,ASUFRE DAY CARE CENTER,"Barangay MABATO-ASUFRE PANGIL, LAGUNA","Monday, November 06, 2017"
,,5483,75224,043423,REGION IV-A - CALABARZON,LAGUNA,RIZAL,Rizal Elementary School Covered Court,"Barangay Talaga, Rizal, Laguna","Wednesday, November 08, 2017"
,,5483,75225,043423,REGION IV-A - CALABARZON,LAGUNA,RIZAL,Antipolo Elemenray School Covered Court,"Barangay Antipolo, Rizal, Laguna","Wednesday, November 08, 2017"
,,5483,75226,043423,REGION IV-A - CALABARZON,LAGUNA,RIZAL,Pook Covered Court,"Barangay Pook, Rizal, Laguna","Wednesday, November 08, 2017"
,,5483,75227,043423,REGION IV-A - CALABARZON,LAGUNA,RIZAL,Cristobal S. Conducto MNHS Covered Court,"Barangay Pauli 2, Rizal, Laguna","Wednesday, November 08, 2017"
,,5483,75228,043423,REGION IV-A - CALABARZON,LAGUNA,RIZAL,Barangay Hall,"Barangay Antipolo, Rizal, Laguna","Wednesday, November 08, 2017"
,,5483,75229,043423,REGION IV-A - CALABARZON,LAGUNA,RIZAL,Barangay Hall,"Barangay West Poblacion, Rizal, Laguna","Wednesday, November 08, 2017"
,,5483,75230,043423,REGION IV-A - CALABARZON,LAGUNA,RIZAL,Barangay Hall,"Barangay East Poblacion, Rizal, Laguna","Wednesday, November 08, 2017"
,,5483,75231,043423,REGION IV-A - CALABARZON,LAGUNA,RIZAL,Barangay Hall,"Barangay Pauli 1, Rizal, Laguna","Wednesday, November 08, 2017"
,,5483,75232,043423,REGION IV-A - CALABARZON,LAGUNA,RIZAL,Barangay Hall,"Barangay Tuy, Rizal, Laguna","Wednesday, November 08, 2017"
,,5483,75233,043423,REGION IV-A - CALABARZON,LAGUNA,RIZAL,Barangay Hall,"Barangay Pook, Rizal, Laguna","Wednesday, November 08, 2017"
,,5483,75234,043423,REGION IV-A - CALABARZON,LAGUNA,RIZAL,Barangay Hall,"Barangay Laguan, Rizal, Laguna","Wednesday, November 08, 2017"
,,5483,75235,043423,REGION IV-A - CALABARZON,LAGUNA,RIZAL,Barangay Hall,"Barangay Tala, Rizal, Laguna","Wednesday, November 08, 2017"
,,5483,75236,043423,REGION IV-A - CALABARZON,LAGUNA,RIZAL,Barangay Hall,"Barangay Pauli 2, Rizal, Laguna","Wednesday, November 08, 2017"
,,5483,75237,043423,REGION IV-A - CALABARZON,LAGUNA,RIZAL,Barangay Hall,"Barangay  Entablado, Rizal, Laguna","Wednesday, November 08, 2017"
,,5316,73710,043424,REGION IV-A - CALABARZON,LAGUNA,SAN PABLO CITY,San Miguel Elementary School,"Barangay San Miguel, San Pablo City","Monday, November 06, 2017"
,,5316,73711,043424,REGION IV-A - CALABARZON,LAGUNA,SAN PABLO CITY,San Gabriel Elementary School,"Barangay San Gabriel, San Pablo City","Monday, November 06, 2017"
,,5316,73712,043424,REGION IV-A - CALABARZON,LAGUNA,SAN PABLO CITY,Ambray Elementary School,"Ambray Elementary School, San Pablo City","Monday, November 06, 2017"
,,5316,73713,043424,REGION IV-A - CALABARZON,LAGUNA,SAN PABLO CITY,Soledad Elementary School,"Barangay Soledad, , San Pablo City","Monday, November 06, 2017"
,,5316,73714,043424,REGION IV-A - CALABARZON,LAGUNA,SAN PABLO CITY,Sta Maria Elementary School,"Barangay Sta Maria, , San Pablo City","Monday, November 06, 2017"
,,5316,73715,043424,REGION IV-A - CALABARZON,LAGUNA,SAN PABLO CITY,San Anton Elementary School,"Barangay San Anton, San Pablo City","Monday, November 06, 2017"
,,5316,73716,043424,REGION IV-A - CALABARZON,LAGUNA,SAN PABLO CITY,PPP,"Barangay, Gabriel, San Pablo City","Monday, November 06, 2017"
,,5316,73717,043424,REGION IV-A - CALABARZON,LAGUNA,SAN PABLO CITY,Col Dizon Elementary School,San Pablo City,"Monday, November 06, 2017"
,,5316,73718,043424,REGION IV-A - CALABARZON,LAGUNA,SAN PABLO CITY,Guadalupe Elementary School, San Pablo City,"Monday, November 06, 2017"
,,5316,73719,043424,REGION IV-A - CALABARZON,LAGUNA,SAN PABLO CITY,5 Covered Court Ambray District,San Pablo City,"Monday, November 06, 2017"
,,5316,73720,043424,REGION IV-A - CALABARZON,LAGUNA,SAN PABLO CITY,San Pablo Central School,San Pablo City,"Monday, November 06, 2017"
,,5316,73721,043424,REGION IV-A - CALABARZON,LAGUNA,SAN PABLO CITY,San Lucas II,"Barangay San Lucas 2, San Pablo City","Monday, November 06, 2017"
,,5316,73722,043424,REGION IV-A - CALABARZON,LAGUNA,SAN PABLO CITY,CM Azcarate Elementary School,San Pablo City,"Monday, November 06, 2017"
,,5316,73723,043424,REGION IV-A - CALABARZON,LAGUNA,SAN PABLO CITY,Bagong Pook Elementary School,San Pablo City,"Monday, November 06, 2017"
,,5316,73724,043424,REGION IV-A - CALABARZON,LAGUNA,SAN PABLO CITY,SPCNHS,San Pablo City,"Monday, November 06, 2017"
,,5316,73725,043424,REGION IV-A - CALABARZON,LAGUNA,SAN PABLO CITY,CLDDMNHS,San Pablo City,"Monday, November 06, 2017"
,,5316,73726,043424,REGION IV-A - CALABARZON,LAGUNA,SAN PABLO CITY,4 covered courts,"Lakeside District, San Pablo City","Monday, November 06, 2017"
,,5316,73727,043424,REGION IV-A - CALABARZON,LAGUNA,SAN PABLO CITY,1 Gymnasium,"Lakeside District, San Pablo City","Monday, November 06, 2017"
,,5316,73728,043424,REGION IV-A - CALABARZON,LAGUNA,SAN PABLO CITY,Dapdapan Elementary School,San Pablo City,"Monday, November 06, 2017"
,,5316,73729,043424,REGION IV-A - CALABARZON,LAGUNA,SAN PABLO CITY,Platon Elementary School,San Pablo City,"Monday, November 06, 2017"
,,5316,73730,043424,REGION IV-A - CALABARZON,LAGUNA,SAN PABLO CITY,Magcaseville Elementary School,San Pablo City,"Monday, November 06, 2017"
,,5316,73731,043424,REGION IV-A - CALABARZON,LAGUNA,SAN PABLO CITY,2 Covered Courts,San Pablo City,"Monday, November 06, 2017"
,,5316,73732,043424,REGION IV-A - CALABARZON,LAGUNA,SAN PABLO CITY,Del Remedio Elementary School,San Pablo City,"Monday, November 06, 2017"
,,5316,73733,043424,REGION IV-A - CALABARZON,LAGUNA,SAN PABLO CITY,Del Remedio National High School,San Pablo City,"Monday, November 06, 2017"
,,5316,73734,043424,REGION IV-A - CALABARZON,LAGUNA,SAN PABLO CITY,Margarita Lopes Laurel Elementary School,San Pablo City,"Monday, November 06, 2017"
,,5316,73735,043424,REGION IV-A - CALABARZON,LAGUNA,SAN PABLO CITY,Prudencia Elementary School,San Pablo City,"Monday, November 06, 2017"
,,5316,73736,043424,REGION IV-A - CALABARZON,LAGUNA,SAN PABLO CITY,Prudencia National High School,San Pablo City,"Monday, November 06, 2017"
,,5316,73737,043424,REGION IV-A - CALABARZON,LAGUNA,SAN PABLO CITY,4 Covered Courts,San Pablo City,"Monday, November 06, 2017"
,,5316,73738,043424,REGION IV-A - CALABARZON,LAGUNA,SAN PABLO CITY,DEBES,San Pablo City,"Monday, November 06, 2017"
,,5316,73739,043424,REGION IV-A - CALABARZON,LAGUNA,SAN PABLO CITY,San Gregorio Elementary School,San Pablo City,"Monday, November 06, 2017"
,,5316,73740,043424,REGION IV-A - CALABARZON,LAGUNA,SAN PABLO CITY,Sta. Ana Elementary School,San Pablo City,"Monday, November 06, 2017"
,,5316,73741,043424,REGION IV-A - CALABARZON,LAGUNA,SAN PABLO CITY,San Vicente Elementary School,San Pablo City,"Monday, November 06, 2017"
,,5316,73742,043424,REGION IV-A - CALABARZON,LAGUNA,SAN PABLO CITY,San Antonio I Elementary School,San Pablo City,"Monday, November 06, 2017"
,,5316,73743,043424,REGION IV-A - CALABARZON,LAGUNA,SAN PABLO CITY,San Antonio II Elementary School,San Pablo City,"Monday, November 06, 2017"
,,5316,73744,043424,REGION IV-A - CALABARZON,LAGUNA,SAN PABLO CITY,San Vicente National High School,San Pablo City,"Monday, November 06, 2017"
,,5316,73745,043424,REGION IV-A - CALABARZON,LAGUNA,SAN PABLO CITY,San Joaquin Elementary School,San Pablo City,"Monday, November 06, 2017"
,,5316,73746,043424,REGION IV-A - CALABARZON,LAGUNA,SAN PABLO CITY,4 Covered Courts,San Pablo City,"Monday, November 06, 2017"
,,5316,73747,043424,REGION IV-A - CALABARZON,LAGUNA,SAN PABLO CITY,Concepcion Elementary School,San Pablo City,"Monday, November 06, 2017"
,,5316,73748,043424,REGION IV-A - CALABARZON,LAGUNA,SAN PABLO CITY,Dolores Elementary School,San Pablo City,"Monday, November 06, 2017"
,,5316,73749,043424,REGION IV-A - CALABARZON,LAGUNA,SAN PABLO CITY,Dolores National High School,San Pablo City,"Monday, November 06, 2017"
,,5316,73750,043424,REGION IV-A - CALABARZON,LAGUNA,SAN PABLO CITY,San Pedro Elementary School,San Pablo City,"Monday, November 06, 2017"
,,5316,73751,043424,REGION IV-A - CALABARZON,LAGUNA,SAN PABLO CITY,Guerilla Elementary School,San Pablo City,"Monday, November 06, 2017"
,,5316,73752,043424,REGION IV-A - CALABARZON,LAGUNA,SAN PABLO CITY,1 Covered Courts,San Pablo City,"Monday, November 06, 2017"
,,5316,73753,043424,REGION IV-A - CALABARZON,LAGUNA,SAN PABLO CITY,Fule Almeda Elementary School,San Pablo City,"Monday, November 06, 2017"
,,5316,73754,043424,REGION IV-A - CALABARZON,LAGUNA,SAN PABLO CITY,Banaad Elementary School,San Pablo City,"Monday, November 06, 2017"
,,5316,73755,043424,REGION IV-A - CALABARZON,LAGUNA,SAN PABLO CITY,Sta Veronica Elementary School,San Pablo City,"Monday, November 06, 2017"
,,5316,73756,043424,REGION IV-A - CALABARZON,LAGUNA,SAN PABLO CITY,Sta. Monica Elementary School,San Pablo City,"Monday, November 06, 2017"
,,5316,73757,043424,REGION IV-A - CALABARZON,LAGUNA,SAN PABLO CITY,Bagong Lipnan Elementary School,San Pablo City,"Monday, November 06, 2017"
,,5316,73758,043424,REGION IV-A - CALABARZON,LAGUNA,SAN PABLO CITY,San Roque Elementary School,San Pablo City,"Monday, November 06, 2017"
,,5316,73759,043424,REGION IV-A - CALABARZON,LAGUNA,SAN PABLO CITY,Bagong Bayan Elementary School,San Pablo City,"Monday, November 06, 2017"
,,5316,73760,043424,REGION IV-A - CALABARZON,LAGUNA,SAN PABLO CITY,6 Covered Courts,San Pablo City,"Monday, November 06, 2017"
,,5292,73586,043425,REGION IV-A - CALABARZON,LAGUNA,CITY OF SAN PEDRO,Rosario Complex evacuation Center,"Rosario Complex, Barangay San Vicente","Monday, November 06, 2017"
,,5292,73587,043425,REGION IV-A - CALABARZON,LAGUNA,CITY OF SAN PEDRO,San Pedro Town Center,"San Antonio Town Center,Barangay San Antonio","Monday, November 06, 2017"
,,5292,73588,043425,REGION IV-A - CALABARZON,LAGUNA,CITY OF SAN PEDRO,Sampaguita Village National High School /  Covered Court / Open Space Calendola II,Barangay Calendola,"Monday, November 06, 2017"
,,5292,73589,043425,REGION IV-A - CALABARZON,LAGUNA,CITY OF SAN PEDRO,Central Elementary School,Barangay Poblacion,"Monday, November 06, 2017"
,,5292,73590,043425,REGION IV-A - CALABARZON,LAGUNA,CITY OF SAN PEDRO,Cuyab Elementary School / Covered court,Barangay Cuyab,"Monday, November 06, 2017"
,,5292,73591,043425,REGION IV-A - CALABARZON,LAGUNA,CITY OF SAN PEDRO,Landayan Covered Court,Barangay Landayan,"Monday, November 06, 2017"
,,5292,73592,043425,REGION IV-A - CALABARZON,LAGUNA,CITY OF SAN PEDRO,Pacita Elementary School / Covered Court,"Pacita 1, Barangay San Vicente","Monday, November 06, 2017"
,,5292,73593,043425,REGION IV-A - CALABARZON,LAGUNA,CITY OF SAN PEDRO,Laguerta Covered Court,San Vicente Proper,"Monday, November 06, 2017"
,,5292,73594,043425,REGION IV-A - CALABARZON,LAGUNA,CITY OF SAN PEDRO,Rosario Cvered Court,"Rosario, San Vicente ","Monday, November 06, 2017"
,,5292,73595,043425,REGION IV-A - CALABARZON,LAGUNA,CITY OF SAN PEDRO,Pacita Covered Court / Convention Court,"Pacita 11, San Vicente","Monday, November 06, 2017"
,,5292,73596,043425,REGION IV-A - CALABARZON,LAGUNA,CITY OF SAN PEDRO,Poblacion Covered Court,Barangay Poblacion,"Monday, November 06, 2017"
,,5292,73597,043425,REGION IV-A - CALABARZON,LAGUNA,CITY OF SAN PEDRO,San Roque Elementary School,Barangay San Roque,"Monday, November 06, 2017"
,,5315,73709,043426,REGION IV-A - CALABARZON,LAGUNA,SANTA CRUZ (Capital),Pilot Evacuation Center,"El Rey Subd. Barangay Duhat Sta. Cruz, Laguna","Monday, November 06, 2017"
,,5289,73572,043427,REGION IV-A - CALABARZON,LAGUNA,SANTA MARIA,3F MUN. INTEGRATED ANNEX Building,"Barangay POB. II, SANTA MARIA, LAGUNA","Monday, November 06, 2017"
,,5289,73573,043427,REGION IV-A - CALABARZON,LAGUNA,SANTA MARIA,Barangay HALL (25 Barangay),25 BARANGAY HALL,"Monday, November 06, 2017"
,,5289,73574,043427,REGION IV-A - CALABARZON,LAGUNA,SANTA MARIA,ALTERNATIVE HOUSE (PRIVATE),25 BARANGAY ,"Monday, November 06, 2017"
,,5289,73575,043427,REGION IV-A - CALABARZON,LAGUNA,SANTA MARIA,CHURCH,"MORMON - POB III STA. MARIA, LAGUNA","Monday, November 06, 2017"
,,5289,73576,043427,REGION IV-A - CALABARZON,LAGUNA,SANTA MARIA,SCHOOLS - NATIONAL INTEGRATED SCHOOL,"POB IV STA. MARIA, LAGUNA","Monday, November 06, 2017"
,,5289,73577,043427,REGION IV-A - CALABARZON,LAGUNA,SANTA MARIA,PAANG BUNDOK ELEMTARY SCHOOL,"Barangay CAMBUJA STA. MARIA, LAGUNA","Monday, November 06, 2017"
,,5265,73326,043428,REGION IV-A - CALABARZON,LAGUNA,CITY OF SANTA ROSA,Command Center and Evacuation Center,"Tatlonghari St., Barangay Market Area, City of Santa Rosa, Laguna","Monday, November 06, 2017"
,,5278,73450,043429,REGION IV-A - CALABARZON,LAGUNA,SINILOAN,SINILOAN EVACUATION CENTER,"L. DE LEON ST.BarangayWAWA SINILOAN, LAGUNA","Monday, November 06, 2017"
,,5283,73531,043430,REGION IV-A - CALABARZON,LAGUNA,VICTORIA,Victoria Municipal Evacuation Center,"Barangay Nanhaya, Victoria, Laguna","Monday, November 06, 2017"
,,5283,73532,043430,REGION IV-A - CALABARZON,LAGUNA,VICTORIA,Tomas Daguinsin Elementary School,"Barangay San Roque, Victoria, Laguna","Monday, November 06, 2017"
,,5283,73533,043430,REGION IV-A - CALABARZON,LAGUNA,VICTORIA,San Roque National Highschool,"Barangay San Roque, Victoria, Laguna","Monday, November 06, 2017"
,,5283,73534,043430,REGION IV-A - CALABARZON,LAGUNA,VICTORIA,San Roque Multi-Purpose Building,"Barangay San Roque, Victoria, Laguna","Monday, November 06, 2017"
,,5283,73535,043430,REGION IV-A - CALABARZON,LAGUNA,VICTORIA,Pagalngan Elementary School ,"Barangay Pagalangan, Victoria, Laguna","Monday, November 06, 2017"
,,5283,73536,043430,REGION IV-A - CALABARZON,LAGUNA,VICTORIA,Gregorio Herradura Elementary School ,"Barangay Nanhaya, Victoria, Laguna","Monday, November 06, 2017"
,,5283,73537,043430,REGION IV-A - CALABARZON,LAGUNA,VICTORIA,Nanhaya Covered Court,"Barangay Nanhaya, Victoria, Laguna","Monday, November 06, 2017"
,,5283,73538,043430,REGION IV-A - CALABARZON,LAGUNA,VICTORIA,San Francisco Elementary School ,"Barangay San Francisco, Victoria Laguna","Monday, November 06, 2017"
,,5283,73539,043430,REGION IV-A - CALABARZON,LAGUNA,VICTORIA,San Francisco National Highschool ,"Barangay San Francisco, Victoria Laguna","Monday, November 06, 2017"
,,5283,73540,043430,REGION IV-A - CALABARZON,LAGUNA,VICTORIA,San Felix Elementary School,"Barangay San Felix, Victoria, Laguna","Monday, November 06, 2017"
,,5283,73541,043430,REGION IV-A - CALABARZON,LAGUNA,VICTORIA,Daniw Elementary School,"Barangay Daniw, Victoria, Laguna","Monday, November 06, 2017"
,,5283,73542,043430,REGION IV-A - CALABARZON,LAGUNA,VICTORIA,Banca-Banca Elementary School,"Barangay Banca-Banca, Victoria, Laguna","Monday, November 06, 2017"
,,5283,73543,043430,REGION IV-A - CALABARZON,LAGUNA,VICTORIA,Masapang Elementary School,"Barangay Masapang, Victoria, Laguna","Monday, November 06, 2017"
,,5283,73544,043430,REGION IV-A - CALABARZON,LAGUNA,VICTORIA,Masapang Multi-Purpose Building,"Barangay Masapang, Victoria, Laguna","Monday, November 06, 2017"
,,5283,73545,043430,REGION IV-A - CALABARZON,LAGUNA,VICTORIA,San Benito Elementary School,"Barangay San Benito, Victoria, Laguna ","Monday, November 06, 2017"